{
  "Dt": 1000,
  "FMax": 1,
  "Eps": 0.01,
  "Circles": [
    {
      "Center": {
        "X": 0.33218833804130554,
        "Y": 0.15921106934547424
      },
      "Radius": 0.23818166553974152
    },
    {
      "Center": {
        "X": 0.9211785793304443,
        "Y": 0.21001200377941132
      },
      "Radius": 0.24298787117004395
    },
    {
      "Center": {
        "X": 0.6558014154434204,
        "Y": 0.7025460004806519
      },
      "Radius": 0.21127113699913025
    },
    {
      "Center": {
        "X": 0.05513463541865349,
        "Y": 0.7919896245002747
      },
      "Radius": 0.20693418383598328
    }
  ]
}